RawBandName,NodeId,BandName,FileName
10cc,1,10cc,./Bands/10cc.txt
10 Years (band)|10 Years,2,10_Years_(band),./Bands/10_Years_(band).txt
3 Doors Down,3,3_Doors_Down,./Bands/3_Doors_Down.txt
311 (band)|311,4,311_(band),./Bands/311_(band).txt
38 Special (band)|.38 Special,5,38_Special_(band),./Bands/38_Special_(band).txt
ABBA,6,ABBA,./Bands/ABBA.txt
Accept (band)|Accept,7,Accept_(band),./Bands/Accept_(band).txt
AC/DC,8,AC/DC,./Bands/AC.DC.txt
Bryan Adams,9,Bryan_Adams,./Bands/Bryan_Adams.txt
Aerosmith,10,Aerosmith,./Bands/Aerosmith.txt
AFI (band)|AFI,11,AFI_(band),./Bands/AFI_(band).txt
Air Supply,12,Air_Supply,./Bands/Air_Supply.txt
The Alan Parsons Project,13,The_Alan_Parsons_Project,./Bands/The_Alan_Parsons_Project.txt
Alice in Chains,14,Alice_in_Chains,./Bands/Alice_in_Chains.txt
The All-American Rejects,15,The_All-American_Rejects,./Bands/The_All-American_Rejects.txt
The Allman Brothers Band,16,The_Allman_Brothers_Band,./Bands/The_Allman_Brothers_Band.txt
Alter Bridge,17,Alter_Bridge,./Bands/Alter_Bridge.txt
Ambrosia (band)|Ambrosia,18,Ambrosia_(band),./Bands/Ambrosia_(band).txt
America (band)|America,19,America_(band),./Bands/America_(band).txt
The Animals,20,The_Animals,./Bands/The_Animals.txt
Adam Ant,21,Adam_Ant,./Bands/Adam_Ant.txt
Anthrax (American band)|Anthrax,22,Anthrax_(American_band),./Bands/Anthrax_(American_band).txt
April Wine,23,April_Wine,./Bands/April_Wine.txt
Arcade Fire,24,Arcade_Fire,./Bands/Arcade_Fire.txt
Arctic Monkeys,25,Arctic_Monkeys,./Bands/Arctic_Monkeys.txt
Asia (band)|Asia,26,Asia_(band),./Bands/Asia_(band).txt
Audioslave,27,Audioslave,./Bands/Audioslave.txt
Avenged Sevenfold,28,Avenged_Sevenfold,./Bands/Avenged_Sevenfold.txt
Awolnation,29,Awolnation,./Bands/Awolnation.txt
The B-52's|The B-52s,30,The_B-52's,./Bands/The_B-52's.txt
Bachman\u2013Turner Overdrive,31,Bachman–Turner_Overdrive,./Bands/Bachman–Turner_Overdrive.txt
Bad Company,32,Bad_Company,./Bands/Bad_Company.txt
Badfinger,33,Badfinger,./Bands/Badfinger.txt
The Band,34,The_Band,./Bands/The_Band.txt
The Bangles,35,The_Bangles,./Bands/The_Bangles.txt
Barenaked Ladies,36,Barenaked_Ladies,./Bands/Barenaked_Ladies.txt
Bay City Rollers,37,Bay_City_Rollers,./Bands/Bay_City_Rollers.txt
The Beach Boys,38,The_Beach_Boys,./Bands/The_Beach_Boys.txt
Beastie Boys,39,Beastie_Boys,./Bands/Beastie_Boys.txt
The Beatles,40,The_Beatles,./Bands/The_Beatles.txt
Bee Gees,41,Bee_Gees,./Bands/Bee_Gees.txt
Beck,42,Beck,./Bands/Beck.txt
Ben Folds Five,43,Ben_Folds_Five,./Bands/Ben_Folds_Five.txt
Pat Benatar,44,Pat_Benatar,./Bands/Pat_Benatar.txt
Chuck Berry,45,Chuck_Berry,./Bands/Chuck_Berry.txt
The Big Bopper,46,The_Big_Bopper,./Bands/The_Big_Bopper.txt
Billy Talent,47,Billy_Talent,./Bands/Billy_Talent.txt
The Black Crowes,48,The_Black_Crowes,./Bands/The_Black_Crowes.txt
The Black Keys,49,The_Black_Keys,./Bands/The_Black_Keys.txt
Black Sabbath,50,Black_Sabbath,./Bands/Black_Sabbath.txt
Black Stone Cherry,51,Black_Stone_Cherry,./Bands/Black_Stone_Cherry.txt
Black Veil Brides,52,Black_Veil_Brides,./Bands/Black_Veil_Brides.txt
Blink-182,53,Blink-182,./Bands/Blink-182.txt
Blondie (band),54,Blondie_(band),./Bands/Blondie_(band).txt
Bloodhound Gang,55,Bloodhound_Gang,./Bands/Bloodhound_Gang.txt
Blue October,56,Blue_October,./Bands/Blue_October.txt
Blue \u00d6yster Cult,57,Blue_Öyster_Cult,./Bands/Blue_Öyster_Cult.txt
Blues Traveler,58,Blues_Traveler,./Bands/Blues_Traveler.txt
James Blunt,59,James_Blunt,./Bands/James_Blunt.txt
Blur (band)|Blur,60,Blur_(band),./Bands/Blur_(band).txt
Bon Jovi,61,Bon_Jovi,./Bands/Bon_Jovi.txt
Boston (band)|Boston,62,Boston_(band),./Bands/Boston_(band).txt
David Bowie,63,David_Bowie,./Bands/David_Bowie.txt
Bowling for Soup,64,Bowling_for_Soup,./Bands/Bowling_for_Soup.txt
The Boxtones,65,The_Boxtones,./Bands/The_Boxtones.txt
Boys Like Girls,66,Boys_Like_Girls,./Bands/Boys_Like_Girls.txt
Bread (band)|Bread,67,Bread_(band),./Bands/Bread_(band).txt
Breaking Benjamin,68,Breaking_Benjamin,./Bands/Breaking_Benjamin.txt
Bring Me the Horizon,69,Bring_Me_the_Horizon,./Bands/Bring_Me_the_Horizon.txt
Jackson Browne,70,Jackson_Browne,./Bands/Jackson_Browne.txt
Buckcherry,71,Buckcherry,./Bands/Buckcherry.txt
Jeff Buckley,72,Jeff_Buckley,./Bands/Jeff_Buckley.txt
Bullet for My Valentine,73,Bullet_for_My_Valentine,./Bands/Bullet_for_My_Valentine.txt
Chris de Burgh,74,Chris_de_Burgh,./Bands/Chris_de_Burgh.txt
Bush (British band)|Bush,75,Bush_(British_band),./Bands/Bush_(British_band).txt
The Byrds,76,The_Byrds,./Bands/The_Byrds.txt
Cage the Elephant,77,Cage_the_Elephant,./Bands/Cage_the_Elephant.txt
Cake (band)|Cake,78,Cake_(band),./Bands/Cake_(band).txt
Canned Heat,79,Canned_Heat,./Bands/Canned_Heat.txt
The Cab,80,The_Cab,./Bands/The_Cab.txt
The Cardigans,81,The_Cardigans,./Bands/The_Cardigans.txt
The Cars,82,The_Cars,./Bands/The_Cars.txt
Catfish and the Bottlemen,83,Catfish_and_the_Bottlemen,./Bands/Catfish_and_the_Bottlemen.txt
Harry Chapin,84,Harry_Chapin,./Bands/Harry_Chapin.txt
Tracy Chapman,85,Tracy_Chapman,./Bands/Tracy_Chapman.txt
Cheap Trick,86,Cheap_Trick,./Bands/Cheap_Trick.txt
Chevelle (band)|Chevelle,87,Chevelle_(band),./Bands/Chevelle_(band).txt
Chicago (band)|Chicago,88,Chicago_(band),./Bands/Chicago_(band).txt
Chubby Checker,89,Chubby_Checker,./Bands/Chubby_Checker.txt
Cinderella (band)|Cinderella,90,Cinderella_(band),./Bands/Cinderella_(band).txt
Dallas Green (musician)|City and Colour,91,Dallas_Green_(musician),./Bands/Dallas_Green_(musician).txt
Eric Clapton,92,Eric_Clapton,./Bands/Eric_Clapton.txt
The Clash,93,The_Clash,./Bands/The_Clash.txt
Eddie Cochran,94,Eddie_Cochran,./Bands/Eddie_Cochran.txt
Joe Cocker,95,Joe_Cocker,./Bands/Joe_Cocker.txt
Coheed and Cambria,96,Coheed_and_Cambria,./Bands/Coheed_and_Cambria.txt
Cold Chisel,97,Cold_Chisel,./Bands/Cold_Chisel.txt
Coldplay,98,Coldplay,./Bands/Coldplay.txt
Collective Soul,99,Collective_Soul,./Bands/Collective_Soul.txt
Phil Collins,100,Phil_Collins,./Bands/Phil_Collins.txt
Alice Cooper,101,Alice_Cooper,./Bands/Alice_Cooper.txt
Alice Cooper (band),102,Alice_Cooper_(band),./Bands/Alice_Cooper_(band).txt
Chris Cornell,103,Chris_Cornell,./Bands/Chris_Cornell.txt
Elvis Costello,104,Elvis_Costello,./Bands/Elvis_Costello.txt
Counting Crows,105,Counting_Crows,./Bands/Counting_Crows.txt
The Cranberries,106,The_Cranberries,./Bands/The_Cranberries.txt
Crash Test Dummies,107,Crash_Test_Dummies,./Bands/Crash_Test_Dummies.txt
Cream (band)|Cream,108,Cream_(band),./Bands/Cream_(band).txt
Creed (band)|Creed,109,Creed_(band),./Bands/Creed_(band).txt
Creedence Clearwater Revival,110,Creedence_Clearwater_Revival,./Bands/Creedence_Clearwater_Revival.txt
Jim Croce,111,Jim_Croce,./Bands/Jim_Croce.txt
"Crosby, Stills, Nash & Young",112,"Crosby,_Stills,_Nash_&_Young","./Bands/Crosby,_Stills,_Nash_&_Young.txt"
Christopher Cross,113,Christopher_Cross,./Bands/Christopher_Cross.txt
Sheryl Crow,114,Sheryl_Crow,./Bands/Sheryl_Crow.txt
Crowded House,115,Crowded_House,./Bands/Crowded_House.txt
The Cult,116,The_Cult,./Bands/The_Cult.txt
The Cure,117,The_Cure,./Bands/The_Cure.txt
Damn Yankees (band)|Damn Yankees,118,Damn_Yankees_(band),./Bands/Damn_Yankees_(band).txt
Charlie Daniels,119,Charlie_Daniels,./Bands/Charlie_Daniels.txt
Dashboard Confessional,120,Dashboard_Confessional,./Bands/Dashboard_Confessional.txt
Daughtry (band)|Daughtry,121,Daughtry_(band),./Bands/Daughtry_(band).txt
The Dave Clark Five,122,The_Dave_Clark_Five,./Bands/The_Dave_Clark_Five.txt
Dave Matthews Band,123,Dave_Matthews_Band,./Bands/Dave_Matthews_Band.txt
Days of the New,124,Days_of_the_New,./Bands/Days_of_the_New.txt
Death Cab for Cutie,125,Death_Cab_for_Cutie,./Bands/Death_Cab_for_Cutie.txt
Deep Purple,126,Deep_Purple,./Bands/Deep_Purple.txt
Def Leppard,127,Def_Leppard,./Bands/Def_Leppard.txt
Deftones,128,Deftones,./Bands/Deftones.txt
Depeche Mode,129,Depeche_Mode,./Bands/Depeche_Mode.txt
Bo Diddley,130,Bo_Diddley,./Bands/Bo_Diddley.txt
Dio (band)|Dio,131,Dio_(band),./Bands/Dio_(band).txt
Dire Straits,132,Dire_Straits,./Bands/Dire_Straits.txt
Disturbed (band)|Disturbed,133,Disturbed_(band),./Bands/Disturbed_(band).txt
Fats Domino,134,Fats_Domino,./Bands/Fats_Domino.txt
Donovan,135,Donovan,./Bands/Donovan.txt
The Doobie Brothers,136,The_Doobie_Brothers,./Bands/The_Doobie_Brothers.txt
The Doors,137,The_Doors,./Bands/The_Doors.txt
Dr. Hook & the Medicine Show,138,Dr._Hook_&_the_Medicine_Show,./Bands/Dr._Hook_&_the_Medicine_Show.txt
Dropkick Murphys,139,Dropkick_Murphys,./Bands/Dropkick_Murphys.txt
Drowning Pool,140,Drowning_Pool,./Bands/Drowning_Pool.txt
Duran Duran,141,Duran_Duran,./Bands/Duran_Duran.txt
Ian Dury|Ian Dury & the Blockheads,142,Ian_Dury,./Bands/Ian_Dury.txt
Bob Dylan,143,Bob_Dylan,./Bands/Bob_Dylan.txt
Eagles (band)|Eagles,144,Eagles_(band),./Bands/Eagles_(band).txt
Echo & the Bunnymen,145,Echo_&_the_Bunnymen,./Bands/Echo_&_the_Bunnymen.txt
Duane Eddy,146,Duane_Eddy,./Bands/Duane_Eddy.txt
Edgar Winter|The Edgar Winter Group,147,Edgar_Winter,./Bands/Edgar_Winter.txt
Electric Light Orchestra,148,Electric_Light_Orchestra,./Bands/Electric_Light_Orchestra.txt
"Emerson, Lake & Palmer",149,"Emerson,_Lake_&_Palmer","./Bands/Emerson,_Lake_&_Palmer.txt"
England Dan & John Ford Coley,150,England_Dan_&_John_Ford_Coley,./Bands/England_Dan_&_John_Ford_Coley.txt
Melissa Etheridge,151,Melissa_Etheridge,./Bands/Melissa_Etheridge.txt
Europe (band)|Europe,152,Europe_(band),./Bands/Europe_(band).txt
Evanescence,153,Evanescence,./Bands/Evanescence.txt
Everclear (band)|Everclear,154,Everclear_(band),./Bands/Everclear_(band).txt
Everlast,155,Everlast,./Bands/Everlast.txt
The Everly Brothers,156,The_Everly_Brothers,./Bands/The_Everly_Brothers.txt
Extreme (band)|Extreme,157,Extreme_(band),./Bands/Extreme_(band).txt
Faces (band)|Faces,158,Faces_(band),./Bands/Faces_(band).txt
Faith No More,159,Faith_No_More,./Bands/Faith_No_More.txt
Fall Out Boy,160,Fall_Out_Boy,./Bands/Fall_Out_Boy.txt
Bryan Ferry,161,Bryan_Ferry,./Bands/Bryan_Ferry.txt
Filter (band)|Filter,162,Filter_(band),./Bands/Filter_(band).txt
Finger Eleven,163,Finger_Eleven,./Bands/Finger_Eleven.txt
FireHouse,164,FireHouse,./Bands/FireHouse.txt
Five Finger Death Punch,165,Five_Finger_Death_Punch,./Bands/Five_Finger_Death_Punch.txt
Five for Fighting,166,Five_for_Fighting,./Bands/Five_for_Fighting.txt
The Fixx,167,The_Fixx,./Bands/The_Fixx.txt
The Flaming Lips,168,The_Flaming_Lips,./Bands/The_Flaming_Lips.txt
Fleetwood Mac,169,Fleetwood_Mac,./Bands/Fleetwood_Mac.txt
Flogging Molly,170,Flogging_Molly,./Bands/Flogging_Molly.txt
Florence and the Machine|Florence + the Machine,171,Florence_and_the_Machine,./Bands/Florence_and_the_Machine.txt
Flyleaf (band)|Flyleaf,172,Flyleaf_(band),./Bands/Flyleaf_(band).txt
Foals (band)|Foals,173,Foals_(band),./Bands/Foals_(band).txt
Dan Fogelberg,174,Dan_Fogelberg,./Bands/Dan_Fogelberg.txt
John Fogerty,175,John_Fogerty,./Bands/John_Fogerty.txt
Foo Fighters,176,Foo_Fighters,./Bands/Foo_Fighters.txt
Foreigner (band)|Foreigner,177,Foreigner_(band),./Bands/Foreigner_(band).txt
Foster the People,178,Foster_the_People,./Bands/Foster_the_People.txt
The Four Seasons (band)|The Four Seasons,179,The_Four_Seasons_(band),./Bands/The_Four_Seasons_(band).txt
Peter Frampton,180,Peter_Frampton,./Bands/Peter_Frampton.txt
Franz Ferdinand (band)|Franz Ferdinand,181,Franz_Ferdinand_(band),./Bands/Franz_Ferdinand_(band).txt
The Fray,182,The_Fray,./Bands/The_Fray.txt
Glenn Frey,183,Glenn_Frey,./Bands/Glenn_Frey.txt
Fuel (band)|Fuel,184,Fuel_(band),./Bands/Fuel_(band).txt
Fun (band)|Fun.,185,Fun_(band),./Bands/Fun_(band).txt
Funkadelic,186,Funkadelic,./Bands/Funkadelic.txt
Peter Gabriel,187,Peter_Gabriel,./Bands/Peter_Gabriel.txt
Garbage (band)|Garbage,188,Garbage_(band),./Bands/Garbage_(band).txt
Genesis (band)|Genesis,189,Genesis_(band),./Bands/Genesis_(band).txt
Ghost (Swedish band)|Ghost,190,Ghost_(Swedish_band),./Bands/Ghost_(Swedish_band).txt
Gin Blossoms,191,Gin_Blossoms,./Bands/Gin_Blossoms.txt
Gary Glitter,192,Gary_Glitter,./Bands/Gary_Glitter.txt
The Go-Go's,193,The_Go-Go's,./Bands/The_Go-Go's.txt
Godsmack,194,Godsmack,./Bands/Godsmack.txt
Golden Earring,195,Golden_Earring,./Bands/Golden_Earring.txt
Goo Goo Dolls,196,Goo_Goo_Dolls,./Bands/Goo_Goo_Dolls.txt
Good Charlotte,197,Good_Charlotte,./Bands/Good_Charlotte.txt
Grand Funk Railroad,198,Grand_Funk_Railroad,./Bands/Grand_Funk_Railroad.txt
Grateful Dead,199,Grateful_Dead,./Bands/Grateful_Dead.txt
Great White,200,Great_White,./Bands/Great_White.txt
Green Day,201,Green_Day,./Bands/Green_Day.txt
Greta Van Fleet,202,Greta_Van_Fleet,./Bands/Greta_Van_Fleet.txt
The Guess Who,203,The_Guess_Who,./Bands/The_Guess_Who.txt
Guns N' Roses,204,Guns_N'_Roses,./Bands/Guns_N'_Roses.txt
Halestorm,205,Halestorm,./Bands/Halestorm.txt
Bill Haley & His Comets,206,Bill_Haley_&_His_Comets,./Bands/Bill_Haley_&_His_Comets.txt
Hall & Oates,207,Hall_&_Oates,./Bands/Hall_&_Oates.txt
George Harrison,208,George_Harrison,./Bands/George_Harrison.txt
Heart (band)|Heart,209,Heart_(band),./Bands/Heart_(band).txt
Jimi Hendrix,210,Jimi_Hendrix,./Bands/Jimi_Hendrix.txt
Don Henley,211,Don_Henley,./Bands/Don_Henley.txt
Herman's Hermits,212,Herman's_Hermits,./Bands/Herman's_Hermits.txt
Highly Suspect,213,Highly_Suspect,./Bands/Highly_Suspect.txt
Hinder,214,Hinder,./Bands/Hinder.txt
The Hives,215,The_Hives,./Bands/The_Hives.txt
Hole (band)|Hole,216,Hole_(band),./Bands/Hole_(band).txt
The Hollies,217,The_Hollies,./Bands/The_Hollies.txt
Buddy Holly,218,Buddy_Holly,./Bands/Buddy_Holly.txt
Hoobastank,219,Hoobastank,./Bands/Hoobastank.txt
Hootie & the Blowfish,220,Hootie_&_the_Blowfish,./Bands/Hootie_&_the_Blowfish.txt
Icehouse (band)|Icehouse,221,Icehouse_(band),./Bands/Icehouse_(band).txt
Billy Idol,222,Billy_Idol,./Bands/Billy_Idol.txt
Imagine Dragons,223,Imagine_Dragons,./Bands/Imagine_Dragons.txt
Incubus (band)|Incubus,224,Incubus_(band),./Bands/Incubus_(band).txt
Interpol (band)|Interpol,225,Interpol_(band),./Bands/Interpol_(band).txt
INXS,226,INXS,./Bands/INXS.txt
Iron Maiden,227,Iron_Maiden,./Bands/Iron_Maiden.txt
The J. Geils Band,228,The_J._Geils_Band,./Bands/The_J._Geils_Band.txt
The Jam,229,The_Jam,./Bands/The_Jam.txt
Tommy James and the Shondells,230,Tommy_James_and_the_Shondells,./Bands/Tommy_James_and_the_Shondells.txt
Jane's Addiction,231,Jane's_Addiction,./Bands/Jane's_Addiction.txt
Jefferson Airplane,232,Jefferson_Airplane,./Bands/Jefferson_Airplane.txt
Jefferson Starship,233,Jefferson_Starship,./Bands/Jefferson_Starship.txt
The Jesus and Mary Chain,234,The_Jesus_and_Mary_Chain,./Bands/The_Jesus_and_Mary_Chain.txt
Jet (Australian band)|Jet,235,Jet_(Australian_band),./Bands/Jet_(Australian_band).txt
Jethro Tull (band)|Jethro Tull,236,Jethro_Tull_(band),./Bands/Jethro_Tull_(band).txt
Joan Jett|Joan Jett & the Blackhearts,237,Joan_Jett,./Bands/Joan_Jett.txt
Jimmy Eat World,238,Jimmy_Eat_World,./Bands/Jimmy_Eat_World.txt
Billy Joel,239,Billy_Joel,./Bands/Billy_Joel.txt
Elton John,240,Elton_John,./Bands/Elton_John.txt
Janis Joplin,241,Janis_Joplin,./Bands/Janis_Joplin.txt
Journey (band)|Journey,242,Journey_(band),./Bands/Journey_(band).txt
Joy Division,243,Joy_Division,./Bands/Joy_Division.txt
Judas Priest,244,Judas_Priest,./Bands/Judas_Priest.txt
Kaiser Chiefs,245,Kaiser_Chiefs,./Bands/Kaiser_Chiefs.txt
Kaleo (band)|Kaleo,246,Kaleo_(band),./Bands/Kaleo_(band).txt
Kansas (band)|Kansas,247,Kansas_(band),./Bands/Kansas_(band).txt
Keane (band)|Keane,248,Keane_(band),./Bands/Keane_(band).txt
Kid Rock,249,Kid_Rock,./Bands/Kid_Rock.txt
The Killers,250,The_Killers,./Bands/The_Killers.txt
Killswitch Engage,251,Killswitch_Engage,./Bands/Killswitch_Engage.txt
Kings of Leon,252,Kings_of_Leon,./Bands/Kings_of_Leon.txt
The Kinks,253,The_Kinks,./Bands/The_Kinks.txt
Kiss (band)|Kiss,254,Kiss_(band),./Bands/Kiss_(band).txt
AllMusic,255,AllMusic,./Bands/AllMusic.txt
Korn,256,Korn,./Bands/Korn.txt
Lenny Kravitz,257,Lenny_Kravitz,./Bands/Lenny_Kravitz.txt
Lacuna Coil,258,Lacuna_Coil,./Bands/Lacuna_Coil.txt
Lamb of God (band)|Lamb of God,259,Lamb_of_God_(band),./Bands/Lamb_of_God_(band).txt
Avril Lavigne,260,Avril_Lavigne,./Bands/Avril_Lavigne.txt
Led Zeppelin,261,Led_Zeppelin,./Bands/Led_Zeppelin.txt
John Lennon,262,John_Lennon,./Bands/John_Lennon.txt
Huey Lewis and the News,263,Huey_Lewis_and_the_News,./Bands/Huey_Lewis_and_the_News.txt
Jerry Lee Lewis,264,Jerry_Lee_Lewis,./Bands/Jerry_Lee_Lewis.txt
Lifehouse (band)|Lifehouse,265,Lifehouse_(band),./Bands/Lifehouse_(band).txt
Limp Bizkit,266,Limp_Bizkit,./Bands/Limp_Bizkit.txt
Linkin Park,267,Linkin_Park,./Bands/Linkin_Park.txt
Little Richard,268,Little_Richard,./Bands/Little_Richard.txt
Little River Band,269,Little_River_Band,./Bands/Little_River_Band.txt
Live (band)|Live,270,Live_(band),./Bands/Live_(band).txt
Living Colour,271,Living_Colour,./Bands/Living_Colour.txt
Kenny Loggins,272,Kenny_Loggins,./Bands/Kenny_Loggins.txt
Loverboy,273,Loverboy,./Bands/Loverboy.txt
The Lovin' Spoonful,274,The_Lovin'_Spoonful,./Bands/The_Lovin'_Spoonful.txt
The Lumineers,275,The_Lumineers,./Bands/The_Lumineers.txt
Lynyrd Skynyrd,276,Lynyrd_Skynyrd,./Bands/Lynyrd_Skynyrd.txt
The Mamas & the Papas,277,The_Mamas_&_the_Papas,./Bands/The_Mamas_&_the_Papas.txt
Manfred Mann,278,Manfred_Mann,./Bands/Manfred_Mann.txt
Manfred Mann (musician),279,Manfred_Mann_(musician),./Bands/Manfred_Mann_(musician).txt
Manfred Mann's Earth Band,280,Manfred_Mann's_Earth_Band,./Bands/Manfred_Mann's_Earth_Band.txt
Manfred Mann Chapter Three,281,Manfred_Mann_Chapter_Three,./Bands/Manfred_Mann_Chapter_Three.txt
Marilyn Manson,282,Marilyn_Manson,./Bands/Marilyn_Manson.txt
Marilyn Manson (band),283,Marilyn_Manson_(band),./Bands/Marilyn_Manson_(band).txt
The Marshall Tucker Band,284,The_Marshall_Tucker_Band,./Bands/The_Marshall_Tucker_Band.txt
Matchbox Twenty,285,Matchbox_Twenty,./Bands/Matchbox_Twenty.txt
John Mayer,286,John_Mayer,./Bands/John_Mayer.txt
John Mayall,287,John_Mayall,./Bands/John_Mayall.txt
John Mayall & the Bluesbreakers,288,John_Mayall_&_the_Bluesbreakers,./Bands/John_Mayall_&_the_Bluesbreakers.txt
Paul McCartney,289,Paul_McCartney,./Bands/Paul_McCartney.txt
Meat Loaf,290,Meat_Loaf,./Bands/Meat_Loaf.txt
Megadeth,291,Megadeth,./Bands/Megadeth.txt
John Mellencamp,292,John_Mellencamp,./Bands/John_Mellencamp.txt
Men at Work,293,Men_at_Work,./Bands/Men_at_Work.txt
Metallica,294,Metallica,./Bands/Metallica.txt
Midnight Oil,295,Midnight_Oil,./Bands/Midnight_Oil.txt
Mike and the Mechanics|Mike + the Mechanics,296,Mike_and_the_Mechanics,./Bands/Mike_and_the_Mechanics.txt
Modest Mouse,297,Modest_Mouse,./Bands/Modest_Mouse.txt
Eddie Money,298,Eddie_Money,./Bands/Eddie_Money.txt
The Monkees,299,The_Monkees,./Bands/The_Monkees.txt
Montgomery Gentry,300,Montgomery_Gentry,./Bands/Montgomery_Gentry.txt
The Moody Blues,301,The_Moody_Blues,./Bands/The_Moody_Blues.txt
Alanis Morissette,302,Alanis_Morissette,./Bands/Alanis_Morissette.txt
Van Morrison,303,Van_Morrison,./Bands/Van_Morrison.txt
Morrissey,304,Morrissey,./Bands/Morrissey.txt
The Mothers of Invention,305,The_Mothers_of_Invention,./Bands/The_Mothers_of_Invention.txt
M\u00f6tley Cr\u00fce,306,Mötley_Crüe,./Bands/Mötley_Crüe.txt
Mot\u00f6rhead,307,Motörhead,./Bands/Motörhead.txt
Mudvayne,308,Mudvayne,./Bands/Mudvayne.txt
Mumford & Sons,309,Mumford_&_Sons,./Bands/Mumford_&_Sons.txt
Michael Martin Murphey,310,Michael_Martin_Murphey,./Bands/Michael_Martin_Murphey.txt
Muse (band)|Muse,311,Muse_(band),./Bands/Muse_(band).txt
My Chemical Romance,312,My_Chemical_Romance,./Bands/My_Chemical_Romance.txt
New York Dolls,313,New_York_Dolls,./Bands/New_York_Dolls.txt
Nickelback,314,Nickelback,./Bands/Nickelback.txt
Stevie Nicks,315,Stevie_Nicks,./Bands/Stevie_Nicks.txt
Harry Nilsson,316,Harry_Nilsson,./Bands/Harry_Nilsson.txt
Nine Inch Nails,317,Nine_Inch_Nails,./Bands/Nine_Inch_Nails.txt
Nirvana (band)|Nirvana,318,Nirvana_(band),./Bands/Nirvana_(band).txt
No Doubt,319,No_Doubt,./Bands/No_Doubt.txt
Ted Nugent,320,Ted_Nugent,./Bands/Ted_Nugent.txt
Oasis (band)|Oasis,321,Oasis_(band),./Bands/Oasis_(band).txt
The Offspring,322,The_Offspring,./Bands/The_Offspring.txt
Roy Orbison,323,Roy_Orbison,./Bands/Roy_Orbison.txt
Ozzy Osbourne,324,Ozzy_Osbourne,./Bands/Ozzy_Osbourne.txt
Our Lady Peace,325,Our_Lady_Peace,./Bands/Our_Lady_Peace.txt
The Outfield,326,The_Outfield,./Bands/The_Outfield.txt
P.O.D.,327,P.O.D.,./Bands/P.O.D..txt
Panic! at the Disco,328,Panic!_at_the_Disco,./Bands/Panic!_at_the_Disco.txt
Pantera,329,Pantera,./Bands/Pantera.txt
Papa Roach,330,Papa_Roach,./Bands/Papa_Roach.txt
Paramore,331,Paramore,./Bands/Paramore.txt
Parliament (band),332,Parliament_(band),./Bands/Parliament_(band).txt
Parliament-Funkadelic,333,Parliament-Funkadelic,./Bands/Parliament-Funkadelic.txt
Pearl Jam,334,Pearl_Jam,./Bands/Pearl_Jam.txt
A Perfect Circle,335,A_Perfect_Circle,./Bands/A_Perfect_Circle.txt
Tom Petty,336,Tom_Petty,./Bands/Tom_Petty.txt
Tom Petty and the Heartbreakers,337,Tom_Petty_and_the_Heartbreakers,./Bands/Tom_Petty_and_the_Heartbreakers.txt
Pink Floyd,338,Pink_Floyd,./Bands/Pink_Floyd.txt
Pixies (band)|Pixies,339,Pixies_(band),./Bands/Pixies_(band).txt
Robert Plant,340,Robert_Plant,./Bands/Robert_Plant.txt
Poison (American band)|Poison,341,Poison_(American_band),./Bands/Poison_(American_band).txt
The Police,342,The_Police,./Bands/The_Police.txt
Iggy Pop,343,Iggy_Pop,./Bands/Iggy_Pop.txt
Pop Evil,344,Pop_Evil,./Bands/Pop_Evil.txt
The Presidents of the United States of America (band)|The Presidents of the United States of America,345,The_Presidents_of_the_United_States_of_America_(band),./Bands/The_Presidents_of_the_United_States_of_America_(band).txt
The Pretenders,346,The_Pretenders,./Bands/The_Pretenders.txt
Elvis Presley,347,Elvis_Presley,./Bands/Elvis_Presley.txt
The Pretty Reckless,348,The_Pretty_Reckless,./Bands/The_Pretty_Reckless.txt
Primus (band)|Primus,349,Primus_(band),./Bands/Primus_(band).txt
Puddle of Mudd,350,Puddle_of_Mudd,./Bands/Puddle_of_Mudd.txt
Queen (band)|Queen,351,Queen_(band),./Bands/Queen_(band).txt
Queens of the Stone Age,352,Queens_of_the_Stone_Age,./Bands/Queens_of_the_Stone_Age.txt
Queensr\u00ffche,353,Queensrÿche,./Bands/Queensrÿche.txt
Quiet Riot,354,Quiet_Riot,./Bands/Quiet_Riot.txt
R.E.M.,355,R.E.M.,./Bands/R.E.M..txt
Radiohead,356,Radiohead,./Bands/Radiohead.txt
Rage Against the Machine,357,Rage_Against_the_Machine,./Bands/Rage_Against_the_Machine.txt
Rainbow (rock band)|Rainbow,358,Rainbow_(rock_band),./Bands/Rainbow_(rock_band).txt
Rammstein,359,Rammstein,./Bands/Rammstein.txt
Ramones,360,Ramones,./Bands/Ramones.txt
Ratt,361,Ratt,./Bands/Ratt.txt
Red Hot Chili Peppers,362,Red_Hot_Chili_Peppers,./Bands/Red_Hot_Chili_Peppers.txt
Lou Reed,363,Lou_Reed,./Bands/Lou_Reed.txt
REO Speedwagon,364,REO_Speedwagon,./Bands/REO_Speedwagon.txt
Chris Rea,365,Chris_Rea,./Bands/Chris_Rea.txt
Rise Against,366,Rise_Against,./Bands/Rise_Against.txt
Sixto Rodriguez,367,Sixto_Rodriguez,./Bands/Sixto_Rodriguez.txt
The Rolling Stones,368,The_Rolling_Stones,./Bands/The_Rolling_Stones.txt
Linda Ronstadt,369,Linda_Ronstadt,./Bands/Linda_Ronstadt.txt
Roxy Music,370,Roxy_Music,./Bands/Roxy_Music.txt
Royal Blood (band)|Royal Blood,371,Royal_Blood_(band),./Bands/Royal_Blood_(band).txt
Run-DMC,372,Run-DMC,./Bands/Run-DMC.txt
Rush (band)|Rush,373,Rush_(band),./Bands/Rush_(band).txt
Mitch Ryder,374,Mitch_Ryder,./Bands/Mitch_Ryder.txt
Saliva (band)|Saliva,375,Saliva_(band),./Bands/Saliva_(band).txt
Sam Fender,376,Sam_Fender,./Bands/Sam_Fender.txt
Santana (band)|Santana,377,Santana_(band),./Bands/Santana_(band).txt
Joe Satriani,378,Joe_Satriani,./Bands/Joe_Satriani.txt
Saving Abel,379,Saving_Abel,./Bands/Saving_Abel.txt
Scorpions (band)|Scorpions,380,Scorpions_(band),./Bands/Scorpions_(band).txt
The Script,381,The_Script,./Bands/The_Script.txt
Seether,382,Seether,./Bands/Seether.txt
Bob Seger|Bob Seger & the Silver Bullet Band,383,Bob_Seger,./Bands/Bob_Seger.txt
Sepultura,384,Sepultura,./Bands/Sepultura.txt
Sex Pistols,385,Sex_Pistols,./Bands/Sex_Pistols.txt
Shakin' Stevens,386,Shakin'_Stevens,./Bands/Shakin'_Stevens.txt
Shinedown,387,Shinedown,./Bands/Shinedown.txt
Silverchair,388,Silverchair,./Bands/Silverchair.txt
Simon & Garfunkel,389,Simon_&_Garfunkel,./Bands/Simon_&_Garfunkel.txt
Simple Minds,390,Simple_Minds,./Bands/Simple_Minds.txt
Simple Plan,391,Simple_Plan,./Bands/Simple_Plan.txt
Skid Row (American band)|Skid Row,392,Skid_Row_(American_band),./Bands/Skid_Row_(American_band).txt
Skillet (band)|Skillet,393,Skillet_(band),./Bands/Skillet_(band).txt
Slade,394,Slade,./Bands/Slade.txt
Slayer,395,Slayer,./Bands/Slayer.txt
Slipknot (band)|Slipknot,396,Slipknot_(band),./Bands/Slipknot_(band).txt
Sly and the Family Stone,397,Sly_and_the_Family_Stone,./Bands/Sly_and_the_Family_Stone.txt
Small Faces,398,Small_Faces,./Bands/Small_Faces.txt
Smash Mouth,399,Smash_Mouth,./Bands/Smash_Mouth.txt
The Smashing Pumpkins,400,The_Smashing_Pumpkins,./Bands/The_Smashing_Pumpkins.txt
The Smiths,401,The_Smiths,./Bands/The_Smiths.txt
Smokie (band)|Smokie,402,Smokie_(band),./Bands/Smokie_(band).txt
Snow Patrol,403,Snow_Patrol,./Bands/Snow_Patrol.txt
Social Distortion,404,Social_Distortion,./Bands/Social_Distortion.txt
Sonic Youth,405,Sonic_Youth,./Bands/Sonic_Youth.txt
Soundgarden,406,Soundgarden,./Bands/Soundgarden.txt
Bruce Springsteen,407,Bruce_Springsteen,./Bands/Bruce_Springsteen.txt
Billy Squier,408,Billy_Squier,./Bands/Billy_Squier.txt
Staind,409,Staind,./Bands/Staind.txt
Ringo Starr,410,Ringo_Starr,./Bands/Ringo_Starr.txt
Starset,411,Starset,./Bands/Starset.txt
Starship (band)|Starship,412,Starship_(band),./Bands/Starship_(band).txt
Status Quo (band)|Status Quo,413,Status_Quo_(band),./Bands/Status_Quo_(band).txt
Steely Dan,414,Steely_Dan,./Bands/Steely_Dan.txt
Steppenwolf (band)|Steppenwolf,415,Steppenwolf_(band),./Bands/Steppenwolf_(band).txt
Steve Miller Band,416,Steve_Miller_Band,./Bands/Steve_Miller_Band.txt
Rod Stewart,417,Rod_Stewart,./Bands/Rod_Stewart.txt
Sting (musician)|Sting,418,Sting_(musician),./Bands/Sting_(musician).txt
The Stone Roses,419,The_Stone_Roses,./Bands/The_Stone_Roses.txt
Stone Sour,420,Stone_Sour,./Bands/Stone_Sour.txt
Stone Temple Pilots,421,Stone_Temple_Pilots,./Bands/Stone_Temple_Pilots.txt
The Strokes,422,The_Strokes,./Bands/The_Strokes.txt
Styx (band)|Styx,423,Styx_(band),./Bands/Styx_(band).txt
Sublime (band)|Sublime,424,Sublime_(band),./Bands/Sublime_(band).txt
Sublime with Rome,425,Sublime_with_Rome,./Bands/Sublime_with_Rome.txt
Sum 41,426,Sum_41,./Bands/Sum_41.txt
Supertramp,427,Supertramp,./Bands/Supertramp.txt
Survivor (band)|Survivor,428,Survivor_(band),./Bands/Survivor_(band).txt
The Sweet|Sweet,429,The_Sweet,./Bands/The_Sweet.txt
System of a Down,430,System_of_a_Down,./Bands/System_of_a_Down.txt
T. Rex (band)|T. Rex,431,T._Rex_(band),./Bands/T._Rex_(band).txt
Talking Heads,432,Talking_Heads,./Bands/Talking_Heads.txt
James Taylor,433,James_Taylor,./Bands/James_Taylor.txt
Ten Years After,434,Ten_Years_After,./Bands/Ten_Years_After.txt
Tenacious D,435,Tenacious_D,./Bands/Tenacious_D.txt
Tesla (band)|Tesla,436,Tesla_(band),./Bands/Tesla_(band).txt
Theory of a Deadman,437,Theory_of_a_Deadman,./Bands/Theory_of_a_Deadman.txt
Thin Lizzy,438,Thin_Lizzy,./Bands/Thin_Lizzy.txt
Third Eye Blind,439,Third_Eye_Blind,./Bands/Third_Eye_Blind.txt
Thirty Seconds to Mars,440,Thirty_Seconds_to_Mars,./Bands/Thirty_Seconds_to_Mars.txt
George Thorogood|George Thorogood and the Destroyers,441,George_Thorogood,./Bands/George_Thorogood.txt
Thousand Foot Krutch,442,Thousand_Foot_Krutch,./Bands/Thousand_Foot_Krutch.txt
Three Days Grace,443,Three_Days_Grace,./Bands/Three_Days_Grace.txt
Three Dog Night,444,Three_Dog_Night,./Bands/Three_Dog_Night.txt
Tool (band)|Tool,445,Tool_(band),./Bands/Tool_(band).txt
Toto (band)|Toto,446,Toto_(band),./Bands/Toto_(band).txt
Traffic (band)|Traffic,447,Traffic_(band),./Bands/Traffic_(band).txt
The Tragically Hip,448,The_Tragically_Hip,./Bands/The_Tragically_Hip.txt
Train (band)|Train,449,Train_(band),./Bands/Train_(band).txt
Traveling Wilburys|The Traveling Wilburys,450,Traveling_Wilburys,./Bands/Traveling_Wilburys.txt
Travis (band)|Travis,451,Travis_(band),./Bands/Travis_(band).txt
Trivium (band)|Trivium,452,Trivium_(band),./Bands/Trivium_(band).txt
Twenty One Pilots,453,Twenty_One_Pilots,./Bands/Twenty_One_Pilots.txt
Twisted Sister,454,Twisted_Sister,./Bands/Twisted_Sister.txt
U2,455,U2,./Bands/U2.txt
UB40,456,UB40,./Bands/UB40.txt
Uriah Heep (band)|Uriah Heep,457,Uriah_Heep_(band),./Bands/Uriah_Heep_(band).txt
The Used,458,The_Used,./Bands/The_Used.txt
Steve Vai,459,Steve_Vai,./Bands/Steve_Vai.txt
Ritchie Valens,460,Ritchie_Valens,./Bands/Ritchie_Valens.txt
Vampire Weekend,461,Vampire_Weekend,./Bands/Vampire_Weekend.txt
Van Halen,462,Van_Halen,./Bands/Van_Halen.txt
Van Zant (band),463,Van_Zant_(band),./Bands/Van_Zant_(band).txt
Stevie Ray Vaughan|Stevie Ray Vaughan and Double Trouble,464,Stevie_Ray_Vaughan,./Bands/Stevie_Ray_Vaughan.txt
Velvet Revolver,465,Velvet_Revolver,./Bands/Velvet_Revolver.txt
The Velvet Underground,466,The_Velvet_Underground,./Bands/The_Velvet_Underground.txt
The Verve,467,The_Verve,./Bands/The_Verve.txt
Gene Vincent,468,Gene_Vincent,./Bands/Gene_Vincent.txt
Volbeat,469,Volbeat,./Bands/Volbeat.txt
Joe Walsh,470,Joe_Walsh,./Bands/Joe_Walsh.txt
Warrant (American band)|Warrant,471,Warrant_(American_band),./Bands/Warrant_(American_band).txt
W.A.S.P. (band),472,W.A.S.P._(band),./Bands/W.A.S.P._(band).txt
Weezer,473,Weezer,./Bands/Weezer.txt
Jack White,474,Jack_White,./Bands/Jack_White.txt
The White Stripes,475,The_White_Stripes,./Bands/The_White_Stripes.txt
White Zombie (band)|White Zombie,476,White_Zombie_(band),./Bands/White_Zombie_(band).txt
Whitesnake,477,Whitesnake,./Bands/Whitesnake.txt
The Who,478,The_Who,./Bands/The_Who.txt
Paul McCartney and Wings|Wings,479,Paul_McCartney_and_Wings,./Bands/Paul_McCartney_and_Wings.txt
Steve Winwood,480,Steve_Winwood,./Bands/Steve_Winwood.txt
X (American band),481,X_(American_band),./Bands/X_(American_band).txt
X Ambassadors,482,X_Ambassadors,./Bands/X_Ambassadors.txt
The Yardbirds,483,The_Yardbirds,./Bands/The_Yardbirds.txt
Yes (band)|Yes,484,Yes_(band),./Bands/Yes_(band).txt
Neil Young,485,Neil_Young,./Bands/Neil_Young.txt
Frank Zappa,486,Frank_Zappa,./Bands/Frank_Zappa.txt
Rob Zombie,487,Rob_Zombie,./Bands/Rob_Zombie.txt
The Zombies,488,The_Zombies,./Bands/The_Zombies.txt
ZZ Top,489,ZZ_Top,./Bands/ZZ_Top.txt
